A,B,C,D,E,F,G,H,I,J,K,L,M,N,O,P,Q,R,S,T
-1.132033307,-0.948588011,2.359755215,4.683592672,-1.409839177,-3.16139761,0.112675084,-0.917101191,-1.572320368,1.572692016,-6.924162853,0.29134766,5.954573626,4.742416803,4.975389287,6.145296084,-1.821851754,-4.389017999,2.879639114,0.082627628
1.060068448,1.795303963,-2.215762049,2.354232557,-3.293082493,-0.433654018,-3.490292237,1.918924566,0.767625356,-0.203397963,0.089692922,-0.198945824,-0.053228094,-4.34277194,5.336929355,-0.85260391,0.637510867,-3.599073543,0.927249063,4.52210484
1.137160428,2.526458092,-1.747581907,4.580638887,-1.294681897,-5.14457601,-2.538537208,-1.183832428,2.155308502,-0.775204888,5.198984523,-1.688117637,-4.291118036,-1.714029062,4.672948986,-3.306741049,0.182079681,-4.759530556,2.935134469,0.087221607
0.615137982,-3.178354997,-1.062014733,-2.312097992,-2.584129575,3.292302055,-6.743885195,-0.044026175,6.150739782,-1.331511374,0.411677213,0.043076984,4.367544813,-4.319730568,-4.636213916,3.236006967,-0.323011466,1.946239105,-1.578298941,-2.028808279
-0.270551981,-2.977121063,-4.286006068,-2.267219548,-2.868949949,3.973007535,-2.810711059,-1.233652263,2.367096236,1.224448991,3.434116677,1.2129741,1.543598883,-2.580432033,-2.932785086,5.084864097,0.449069775,2.071840378,-3.946957244,-3.105275959
1.949146584,-2.270374389,4.963677077,3.818806014,-4.173736052,-1.725816666,3.628237905,-1.814147686,-4.126232878,1.215567022,-4.99569771,1.262906158,2.2203099,4.86337808,4.242375713,3.65391154,-0.504436403,-4.363439123,2.953835451,-0.970600425
-0.384285554,3.141296002,-4.416731984,0.35562323,-3.733699484,-2.899131209,-3.433025137,0.577873788,1.026418335,-0.096065318,1.579070942,0.648560624,-4.263965584,-2.26313349,-2.141195244,0.091426958,-1.575755796,-1.165228474,5.099679317,4.852129097
-0.420254196,-0.284794715,-3.66940924,-3.962918744,-2.960923171,0.530652119,-2.548190033,0.586017393,-0.925006617,-0.394822906,5.910605389,-1.154195518,6.625271223,-5.886904625,-2.311197713,1.354953714,0.714898971,5.490373155,-6.754972321,-1.612757278
0.116557296,-2.419276264,-4.87627168,-3.205309351,-3.561368766,4.65482401,-3.821046691,0.731119823,1.255463867,0.729918597,4.869890218,-1.123125765,2.704347983,-3.299828347,-4.650723451,4.190210919,0.182549984,3.066294505,-2.799516452,-2.78664153
0.440252581,-2.380700553,7.479874285,5.312005881,-5.585267528,-1.29042031,1.899435801,0.769055789,-3.467273076,0.331166611,1.24323209,0.906527874,-0.812955574,0.131474478,3.929097647,1.037791694,-0.932137863,-2.035792805,2.225045603,-4.283014459
0.258735088,-0.075806138,-4.946535401,-1.860871936,0.16047433,6.06258792,-2.780101377,-0.574459131,1.307480146,0.985309448,1.898691323,0.341525366,4.478829211,-3.134362996,-5.160966323,7.778487824,0.877594325,4.977475875,-1.518425228,-3.848776737
-0.816788211,-0.942450005,-0.628455002,-1.619386782,-6.84483089,0.700103754,-1.470499056,-0.394160587,6.843655802,-1.111228737,0.856139796,-0.469794839,3.665253261,-5.020909896,-3.317025193,2.914044939,-0.357504826,2.695809466,-2.681239345,-1.280265166
-0.030251313,-0.05397534,4.283627995,5.884875219,-3.308215971,-5.204422241,3.482894717,-1.139845612,-3.265552187,2.046771205,-4.232242637,0.30445137,1.882698896,1.461731026,2.035438451,4.150154343,1.759774821,-4.441663198,0.794668296,-7.041853347
1.044235092,6.014440618,-1.303289215,1.928869791,-7.416675705,-2.461123152,-3.397525599,0.036777517,4.170252854,0.151852972,3.379925403,-1.977077048,-2.960841228,-4.055770566,1.183186295,-0.702834715,0.997226607,-2.709956102,0.589584437,4.389114266
-1.709192216,-3.07039623,4.113974038,2.439743263,-5.721234038,-3.376327546,-1.217997658,0.718156545,-2.869761563,-1.077179899,-0.870355419,0.514604679,4.526774151,5.012633571,0.748878768,1.61297077,0.249320578,-1.665788961,3.407380575,-1.536368272
0.027316338,-2.598989702,-2.529922732,-2.891367708,-2.129521122,2.103321839,-3.025539107,0.231283949,1.318850863,1.484342407,2.620048751,0.016079638,4.059694555,-3.605040023,-5.644404653,3.876895123,0.649662283,4.708165018,-1.167670619,-6.263306932
0.971567684,4.615983808,-0.856243947,3.164520805,-5.712232489,1.282249356,-4.52246354,-1.901063147,5.230005009,-0.199498767,1.605845654,-0.0219525,-2.825221145,-6.904373974,0.886073796,-4.921132201,-0.490108246,-0.049646248,0.28418732,1.712930559
-1.70937158,5.395438285,-1.360680838,1.02718087,-4.780101722,-4.785088276,-2.152375928,-1.105455414,2.432623398,-0.307047857,-0.075237378,0.879559363,-2.822285613,-2.670027711,2.015634861,-1.89210114,1.321568256,-3.225759703,3.218441555,4.961103458
-1.453861757,-5.523299365,-3.698895012,-0.381574453,-3.104025701,0.395406921,-5.591107832,0.81736889,4.031217291,-0.773961405,0.695208839,-0.612214625,0.414434601,-4.666739497,-1.165376835,0.783016117,-0.761901452,-2.569234696,-5.471073545,-2.375771399
-0.340435075,-2.637930051,-4.007538962,-1.759226034,-4.129802581,-0.442032029,-2.843257875,-0.667578832,7.089519761,-0.250819385,3.189712171,0.061924249,4.526517883,-2.262168017,-5.643531158,2.417620331,-0.016394346,-0.058179063,2.064350002,-5.861078181
-0.981185264,-4.787180754,-1.202414288,-3.913597111,-4.921947216,4.800271325,-5.475850699,2.02250926,3.558003219,0.295974916,4.698325159,0.364677024,-0.078214252,-5.91256965,-5.81312271,4.343532844,-0.174229173,4.55995102,-3.278363832,-4.899813386
0.509234597,-1.448029139,-1.61610184,-3.93711819,-1.034672367,5.270969192,-6.687006149,-0.815736688,3.173596814,1.288797644,1.106501723,-0.288991089,4.48942103,-4.192295859,-4.951058784,4.301496244,0.21228989,2.702385901,-2.835901323,-1.128038294
-0.35306133,-3.578954704,-3.410638472,-3.837812655,-2.535995087,1.182582925,-8.156820564,-1.647209632,2.138582948,1.132266207,0.289698155,-1.269396118,4.757662662,-3.701699873,-4.093028637,5.614844749,-0.750123899,1.517898683,-3.976285573,-2.232232008
-1.673409658,-4.24662438,-1.478069526,-0.908639724,-0.598763617,5.614031275,-4.692028803,-0.095509068,5.076364539,-1.246399165,0.072590974,1.029779614,3.476660482,-0.396810531,-2.254133669,4.976014662,-0.187345726,3.390675361,-2.975599306,-1.310703334
-0.051515424,-2.532098082,-2.858432782,-5.643284536,-3.97437306,-0.955666305,-1.803630399,-0.215339804,2.157282096,0.583488975,2.139374315,-0.495195146,3.127946652,-3.718176573,0.530338224,-1.52423285,0.797410843,2.357426608,-7.38018678,0.583878534
-0.414676756,-6.830807718,-2.421716978,-2.17180126,-0.192068075,5.063699459,-5.098097779,-0.019673315,-0.833650741,0.728115867,2.311607752,0.934622221,1.393229968,-1.078018107,-2.243811962,4.087808757,-0.171235169,5.477355196,-6.123592418,-2.313999323
1.850348896,-0.769008954,-0.629640357,7.780764602,0.628871515,-2.795368558,3.042195859,-1.192492815,0.536900271,-0.11436636,-3.142464697,-1.083030195,3.784723588,3.335719116,3.380604215,1.289099686,-0.225859518,-2.441686902,-0.393708203,-3.064128419
0.348524845,-1.783541583,-8.656799468,4.71486657,-4.349204718,-5.923447495,-1.546672276,-0.324439638,3.279612231,1.157781965,3.07921923,-1.539425551,-1.573245453,-5.852029674,-2.489266758,-1.054845379,-0.003504725,-6.600541404,7.320680375,4.285558007
-0.841889562,-4.820183497,1.150807513,5.451613109,-3.292770271,-4.238324854,1.329793692,0.983902279,1.029754105,-0.131030771,-0.54673141,0.245600927,-0.35150874,1.302704345,3.724703488,0.628907721,-0.031797699,-0.867192093,-2.595367921,-1.025164919
0.210351893,-4.819414711,-3.366516193,-1.954549872,-4.616990737,2.5634654,-2.137507796,-0.398085236,2.460222383,-0.276774201,4.522907986,0.666698923,2.176678447,-2.784915127,-3.223042203,0.205732245,1.384395332,5.390243167,-4.797453977,-2.267505103
-1.619426485,-3.311634865,-1.3568422,3.611843431,0.139969929,-3.186192014,2.01577983,-0.103926294,-0.002802549,0.42912928,-0.900584982,1.401131264,4.387585463,3.597154378,2.644011136,0.557028983,0.339957699,-0.033992799,0.458704941,-0.673993174
-2.182899836,-3.452539237,-4.538137105,-2.146069709,-1.013886609,3.396178803,-5.291566445,1.259183418,3.218031466,1.107091015,1.507196163,-0.664673476,1.448652516,-4.604132043,-4.198349126,2.794207387,-0.980936811,0.759960959,-4.440206172,-5.954819037
0.795567482,3.932556493,-3.445976366,3.869921532,-4.397987136,-6.123706015,-1.431341484,-0.721082035,2.040569032,0.592401974,4.698142506,-0.164687522,-3.817893069,-1.677117629,1.595577388,0.775374234,-0.634675993,-6.567519667,2.94097845,2.099715302
-1.892699764,-1.143739806,2.415690833,5.00252242,-6.082014147,-1.899975598,0.716592465,0.651575522,-5.280623736,-0.412156487,-1.087457003,1.517216772,0.834983124,3.145720391,3.015093212,2.852149773,-2.020658848,-2.793153236,1.732831925,-2.912413577
1.655276644,6.308056627,-3.732341035,3.148557633,-1.251712556,0.396648071,-2.65669312,1.216759877,4.617364609,-1.378741222,1.490128973,1.722757954,-4.768787145,-5.50473898,-0.524251718,-4.829871737,-0.824816846,-5.371160297,4.616786373,0.696661688
0.067156545,-2.27965586,1.595204004,4.400295781,-4.71441808,-4.540902614,1.414581365,-0.643864937,-0.361612714,-0.650070276,-0.080496966,0.74123842,3.197379298,4.267964554,-0.381566524,0.54366633,-0.799136831,0.523395039,2.267675743,-2.445467164
0.392354323,-2.644263086,7.283915392,1.798498161,-0.911720505,-3.946427499,1.532856996,1.00023867,-4.253354871,-1.127284594,-6.877037005,0.702604487,7.795836581,3.784486531,2.059459204,7.175541139,-1.885748461,-3.833491315,6.964077158,-7.451283015
-0.910761892,-3.427458506,5.174846787,1.898249106,-6.056312218,-5.349237805,2.844232341,-0.52372582,-4.017326235,0.330531813,-4.59763402,0.642716018,2.677504882,4.087581146,0.612919709,4.148216424,0.896721205,-2.543896362,3.401513468,-3.228603364
0.193329484,-0.077107114,0.927961421,2.39847572,0.808997151,-2.036105233,3.560077381,-0.255751865,-4.949752911,-0.144392675,-1.735069704,0.270177471,7.939495299,2.859156546,4.251967702,1.266630103,-2.131644141,-3.488564663,4.182379305,-1.396702955
-1.077143597,-5.929952543,-0.526075226,-5.767197116,-5.452355562,4.471106577,-2.555315859,-2.43468933,-0.439853371,-0.230130743,7.010108165,0.873258245,-0.950060575,-5.885561829,-4.32805619,-0.989988581,-0.145686497,7.082533505,-4.533542023,-4.21056767
-1.194693776,-4.571298828,-3.096319301,-1.312343445,-4.775076026,1.02486706,-2.678515751,1.368311781,3.343860536,-0.592706818,2.383725065,1.619639112,2.228710242,-2.413831559,-2.190170433,1.973559813,-0.796868549,1.560219281,-3.898886109,-2.874111011
0.529334517,4.300763564,2.751662024,5.476335319,-1.378524721,-7.956584431,-1.602109113,0.716820098,-2.053977107,-0.107318455,8.142025596,-1.506791803,-4.296463545,-3.665304725,4.014889275,-5.002972309,-0.497141324,-6.870785646,2.132050382,-0.341315116
0.518414174,-0.522318655,-6.552199422,-2.639231931,-2.354471073,1.966864003,-4.80857922,-0.800397794,1.702608057,0.300887753,3.425596293,-0.253374982,7.135159871,-3.288796724,-5.488302345,6.15170522,0.133855083,2.195038394,0.397385792,-4.205798662
-0.314030077,-2.605901932,-5.290337238,-1.215929141,-2.172186586,1.445550306,-3.532763241,-0.043184963,5.736661986,0.050631227,1.05929564,0.401514327,3.188411528,-1.658003487,-1.930246532,2.242273412,-0.916109639,-2.408709338,-1.796321719,-2.299771919
-0.668463394,-5.255054235,2.596994309,5.321423781,0.768770667,-6.154476724,3.602758958,-2.544182395,2.305025069,0.592090715,-5.261881481,-0.820154364,4.274385328,0.364747509,0.496865201,1.073779802,-0.068146633,-2.342009805,-1.060382671,-4.678072296
0.825335483,-4.463346344,3.075792035,1.079399841,-2.683227206,-1.502624097,3.872917832,-1.664046946,-2.849515019,-1.307670567,-2.074360801,-0.653728488,2.190597823,2.167981336,4.558281911,3.573557371,-1.594807009,-2.518027201,4.547343028,-2.808095576
0.286378888,2.766185404,-2.432579794,5.082118396,-4.252552339,-4.738455046,-3.24375467,1.299783602,3.887521373,-0.523602217,7.462320482,-0.247305264,-2.608017103,-5.475740422,1.018321582,-4.856686871,-1.012997954,-3.934126696,2.226669365,4.204356751
0.555195886,3.273590039,-3.207633962,3.478397397,-2.28899153,0.334220446,-3.591918173,0.940157496,4.868652832,-0.566018371,-0.132407533,-1.188217143,-2.094869107,-4.554999502,0.45548678,-6.541128987,-0.871400553,1.76008266,2.322362552,3.649066207
0.514194599,1.801265755,1.206246445,5.162459256,-2.214345987,-5.178059594,4.717341668,0.633908935,-2.132597062,-0.101136823,-4.894014927,1.649052558,4.924544791,1.913767067,3.348280877,3.058143927,1.770839002,-6.270560494,1.837612758,-2.275638626
1.502543873,-5.792096151,3.65530237,-0.107858902,-0.467501244,1.357513941,3.740087846,1.875785238,-3.216146775,1.010374424,-2.316569253,-0.390615037,6.825471284,2.138756339,2.263930976,2.383008705,0.621198766,-1.64998808,6.399515288,-7.475654611
-0.631162925,-6.111545272,-2.389058954,-3.099610123,-4.393912232,4.563567829,-6.400804437,1.243954099,-0.306542446,1.002531136,4.660939354,-0.518004449,1.453952683,-3.550533945,-4.424637543,4.026189305,-0.028209736,4.104142069,-3.839812184,-1.60861623
-0.43770444,-3.887225668,7.95870145,-0.139983652,-5.947118916,-0.055510943,5.747312979,-0.942741781,-5.246811177,0.653312765,-0.828682977,-0.02260544,0.876414157,3.68226566,2.496351477,2.147216494,-1.76462641,-2.646844578,7.08830478,-4.521168411
-0.690015011,5.875309801,-2.727359069,5.681625501,-4.113649424,-1.565053893,-2.970347197,0.086827724,6.959982073,0.158614104,7.046345115,-0.133523027,-5.993502024,-2.442770349,1.503606107,-3.438009101,0.6483866,-1.154036318,3.332375529,0.073709458
-0.805177848,0.804195274,-4.544361299,0.576676072,-5.18633767,-3.011380174,-3.980375669,-2.367276557,1.583181733,1.960340343,1.014395028,1.068691336,-1.551417479,-2.012302746,2.342263633,1.690362451,0.201588629,-2.535490115,3.069460916,4.396773473
-0.673701632,1.715026581,0.066186813,2.160997782,-2.81760502,-3.469582893,-2.439579225,0.120685141,-1.396108142,0.255988448,0.573276075,0.698566209,-2.960501943,-5.88085859,2.183703639,-3.086525693,0.349264169,-4.385088456,2.761174714,2.519228385
0.398361917,-1.651232329,-6.875118783,4.829644889,-1.83542914,-0.081123555,-2.927297421,-0.13118816,2.618275034,-0.313825725,-0.207416492,0.416382221,-0.121048588,-6.478442708,1.305359982,-4.237326114,0.2493624,-4.671051863,1.784037421,2.975806934
-1.025670935,-3.499020635,3.545459272,5.156608021,-1.88729709,-5.750456863,3.788893967,1.641499122,-1.819743254,0.217794477,-5.079369198,0.522081915,2.354833609,0.781514778,3.708426746,3.763398252,0.179294706,-3.736356159,0.235218314,-3.5874939
-0.171951404,-2.886009519,-3.663396303,-3.893909827,-2.822697069,1.676688717,-2.198916445,-2.241495611,5.351037237,1.424726516,3.331800194,1.377731972,1.964539353,-1.832514054,-4.825077576,4.045938334,-0.265982808,0.474074159,0.016798024,-7.846663554
0.346371276,6.768453528,1.847690484,0.98909347,-4.492567052,-5.02330756,-2.709533201,-2.281538048,0.558532877,0.551535981,4.389888317,2.236760877,-2.940064844,-3.423409696,5.177538505,-3.277401203,-1.59231848,-4.686790354,-1.247353399,1.512530251
0.854671819,-3.925466881,-2.699837439,-3.377238424,0.912558592,4.42331211,-5.044914201,0.698277825,-1.197897096,-1.263655825,1.547046138,0.608494051,3.191821078,-3.652541839,-3.203433626,2.332706502,-0.067679548,5.337429828,-5.580015408,-3.652611616
0.141104616,-5.354318532,-3.92412586,-4.387634957,-5.251967251,1.234190257,-5.674338507,-1.197438229,2.921236642,-1.395272733,5.701526364,-0.725596661,2.424087816,-3.905711792,-3.940901616,1.673259473,-0.1179453,2.154876756,-2.715242076,-3.139584127
1.976975032,5.610153611,-0.636601172,1.183483992,-2.462322091,-5.439846352,-2.628581899,-0.200301247,3.288416033,-0.906464114,4.561493778,0.286255701,-6.607884644,-2.292983774,3.305845545,-4.405077722,1.056409682,-4.659973057,4.40659834,0.950346082
-1.514056243,1.179673398,-4.588802774,5.656899148,-1.285725364,-0.799307816,-2.319912068,0.619208539,5.15209572,0.501118554,0.151710477,0.499205332,-1.218176578,-4.560829856,3.891356126,-5.134011002,-0.05945329,-2.978977708,5.148675534,4.488251696
-0.332396117,-4.334640956,-0.739976124,5.148601312,0.698491656,-4.590593424,6.562223949,0.580608753,-0.475894064,-0.808138435,-4.051790601,-0.836139738,3.123296423,1.821649192,2.944267006,2.484633783,-0.190776228,-2.803068352,2.559429647,-4.418336962
-1.406457718,-4.266734968,3.721157532,3.957051974,-1.573389113,-5.602844031,4.900416777,1.840006796,-1.596832959,0.813955181,-3.545538453,-0.706995117,2.372106075,1.379551059,1.152766497,3.239233922,0.013347003,-2.414539304,3.06249556,-7.50535022
-1.347698374,6.255980898,2.915176066,2.545438901,-6.531686469,-1.640293234,-4.560311727,-0.173287374,1.069050712,-0.741604519,2.09229163,1.160319543,-3.393806634,-4.754458868,1.285752533,-1.789563038,0.150458423,-2.032780938,0.035049735,-0.766534414
1.315164798,1.352076036,-5.613611355,4.968139224,-1.401948171,-4.773507573,-0.425291614,0.108770323,1.11349649,-1.948989468,1.301211723,0.716448452,-1.482749764,-3.987005437,-0.624266674,-2.158843666,-0.798050794,-3.719778098,5.696680873,4.107982123
0.355466319,-5.210082872,5.787497094,1.979022294,-4.463664532,-2.799669481,-1.904412844,-0.242550554,-2.981328329,0.778984006,-4.581856597,0.199716022,4.18439327,5.2202836,1.447379144,5.598231009,0.868979079,-1.885197406,4.396737606,-3.92388616
-1.111359168,4.364893482,-0.198510666,0.875132323,-4.167644881,2.798096128,-8.306787718,-1.790485676,4.634370052,-0.361737661,1.65937704,0.031922628,-2.103301191,-2.502260861,3.259420148,-4.470960558,-0.72601058,0.049871659,-1.069344396,1.553935835
0.32318617,-0.423473332,-4.118974029,3.524572306,-0.934224801,-2.083740669,-4.04948744,-0.438931405,1.769363848,-0.245585134,1.91603897,-0.59240989,-1.583185036,-6.076767578,0.275512399,-6.260378744,-0.520233419,-2.086602968,5.106540248,4.302762275
1.907721033,-0.434453793,4.519496106,4.021073808,-2.666832913,-3.02294946,6.395240604,0.296339714,-4.011540804,-0.274078438,-7.179326385,-0.296570691,3.034094037,1.016131552,6.147077385,4.458128229,0.565518477,-7.509519868,3.437045438,-0.272984189
-0.606727011,-7.01633955,0.80394897,-1.985504519,-0.162375929,-4.498992891,2.356859442,-1.233006548,-3.887367425,0.363609894,-5.135019192,-0.742839158,5.419202844,1.280296233,1.745618451,3.357924126,0.454147119,-3.003336614,2.270785196,-2.209810755
-1.499499985,-7.337832435,1.16519864,0.966615511,-1.066225143,-3.735199623,-0.980011419,0.677977997,-3.39729312,0.979158396,-3.668427209,-0.034818806,4.075579273,4.861828981,1.086208878,4.345412913,0.003968754,0.092720575,2.634063727,-3.17368254
-1.236767122,3.091365384,-4.153437066,1.434602558,-1.284117618,1.271030662,-5.199071129,0.261363594,4.966359722,0.405449025,-0.18644015,-1.286450791,-4.221466206,-0.081387022,4.805624343,-1.434402023,0.04127282,-2.445219571,5.552427899,5.050117529
-0.730631335,5.804835188,-1.297887475,2.640957458,-4.155671744,1.947168408,-5.354104037,0.08086542,3.760104503,-0.821964774,2.377829816,-1.437695832,-2.488425554,-5.8048807,0.517203426,-3.728220443,-1.099569149,-2.297398501,0.314060691,3.756092985
-0.752053622,-4.495930349,-4.818439305,-0.906902397,-4.167602862,3.335216193,-5.156681088,0.892993975,6.249194735,1.121179778,2.850804463,-0.748475758,2.101840714,-3.762688446,-0.29534413,0.940013642,-0.357233085,0.311804606,-4.419318781,2.480688431
1.712552908,-2.244165628,-6.387954811,-1.527225164,-5.91326927,2.319536259,-2.051670769,-0.414240225,2.074753188,-1.316539141,5.593160335,0.548337987,2.330371309,-2.671561026,-3.405038732,5.395577631,1.014446521,0.695229419,-1.833765954,-0.872306788
-1.534926887,-2.813483843,-3.226976484,-7.212500194,-3.001076081,2.044004582,-1.110575066,0.896001839,-2.062748361,-1.666621708,4.060401645,0.736944217,0.985566539,-4.457066384,-1.71609387,0.659742723,-0.180927254,4.091252956,-6.010238865,-4.24323045
-0.658596681,-4.49782606,4.553563572,-1.488336191,-0.471990304,-4.404966494,3.164007018,-0.06345862,-3.447845596,0.894841817,-1.697836506,0.231949776,6.533364458,-0.449565949,2.66975362,4.260410385,0.988675077,-1.588093754,6.812155665,-6.557410823
-0.319439277,-5.538544908,-2.620057726,-0.403957892,-3.585718224,4.106304668,-3.994271211,0.177747518,4.897952587,-0.73158718,4.233220891,-0.392670368,0.919822649,-1.357733254,-3.109274651,4.663965968,0.111922875,-0.387821797,-1.396085574,-4.602304478
-0.037295612,-0.503453643,0.460460636,3.886220233,-3.616531897,-2.298161798,1.827318076,0.855162964,-3.697542746,-0.887845465,0.276747927,-0.30452283,2.917925787,2.70603841,3.65725924,0.760814723,0.017757278,-1.72236834,2.221629562,1.118238779
1.584190391,-0.63239691,-3.701167315,-3.473157319,-4.960073089,-1.48244974,-0.785241563,-0.303395139,2.177469881,-0.423550416,1.590896451,1.037685745,4.385196375,-3.374861495,-1.561122758,2.94342881,-0.70250626,0.174914334,-3.695827253,-2.798685535
-0.622838354,-3.179575879,-0.511756497,1.556126677,-0.458299016,-0.349046486,3.337304488,-0.76632533,-4.977006962,-1.04091606,-0.157365511,-1.892827708,5.403431474,2.727695106,1.617027314,0.181479451,0.176161333,-1.798697962,5.510546457,-3.541133273
-1.660474358,-0.098287459,-4.065807513,3.14988185,0.455000899,-6.885621212,-3.60569504,0.391399251,1.351840088,-0.003397274,7.478534816,-0.706132086,-4.444982604,-1.554863397,2.43913376,-7.398410314,0.629367429,-3.166243336,5.808177027,4.988249909
-1.329284673,-2.590588719,5.994375695,3.181727104,-2.18656523,-1.426693924,2.218582432,0.352720309,-4.328238978,0.803631041,-2.608750804,0.300242192,4.520412011,2.516604682,2.740878844,2.419676064,0.174469238,-3.120473513,3.690619213,-4.880435142
1.193086175,-0.678103684,-3.831915516,6.833759149,-3.813915028,-4.737953847,0.809760483,-2.581490004,1.860251026,-0.413252787,-0.342766462,0.607345667,2.388416358,-6.732159169,4.551730924,-2.21046107,-0.400031186,-5.205355576,0.705732702,3.190216577
-0.276271696,-1.380391441,-4.330905579,-1.682011324,-3.414040753,1.502661162,-3.00015647,0.304271738,4.511487985,0.391370316,1.959778681,1.042683485,5.325142994,-0.810022295,-3.768832479,8.09467818,0.485713375,1.632891543,-0.351915452,-2.352777674
-1.226242452,-4.623885959,3.528903817,-0.640294858,-4.630113915,-1.664332988,3.154093727,-0.22681651,-3.665790546,-0.109190841,-1.527821674,-0.1575862,4.677024328,3.57354054,0.97942132,2.877731165,-0.796753478,-3.281222459,7.842452746,-5.436427195
0.193394724,-7.954684524,4.257460469,-2.818997957,-0.619142996,-3.322366245,0.38731154,0.487920017,-4.286809691,-1.073605846,-3.069614395,0.328570157,5.866125847,-0.200096759,-0.195936225,1.091181561,1.315789395,-1.363957297,1.61217034,-4.558739157
-1.625871555,-0.600123771,-2.702764065,-0.164368204,-4.047095316,3.391878754,-2.198169304,0.524500871,4.161459935,0.511195771,0.888452238,0.576013215,3.346573497,-5.340713539,-3.89708433,4.802744574,-0.423914847,4.031374655,-3.608171597,-1.772021158
-0.524727328,-3.326505631,1.768429608,0.867240947,-3.586218012,-3.825003273,5.009374982,0.463959657,-0.828417042,-0.143231602,0.786748417,-1.008402613,1.302476851,3.461917116,3.163319808,1.590312338,-0.736302827,-0.612036495,4.359719869,-1.44436166
-0.712883712,-1.99492661,5.763453844,4.013954946,-4.042730638,-2.869412195,2.680891291,0.225509846,-1.424573446,-0.858471302,-2.959137364,-2.186535061,3.873070483,2.854887211,1.212898344,2.365127018,-0.213966927,-3.604553729,4.436716892,-5.00591427
0.852905587,-4.625188301,3.36917047,2.569021122,-5.599429717,-1.640694244,-2.764062232,-0.612114941,-3.232869872,0.308557151,2.238933022,-0.605302663,0.432392133,1.52948378,3.135079133,0.371384581,0.408904106,0.621216099,0.608353891,1.123379072
0.905472242,-2.788414538,7.870218222,0.568680572,-5.99371649,-1.285142272,2.374238743,-0.9857301,-7.297260956,1.997799341,-5.474172004,0.862509346,3.364014943,2.254317339,2.82546991,4.814089781,-1.937919762,-6.055177038,5.294093244,-4.28678848
0.083806356,-1.02896368,-5.442530609,-4.288554173,-1.155390124,0.453996539,0.049148836,-1.960501905,0.340899315,1.281584726,3.572011423,-1.986475589,4.161865396,-2.035048634,-1.051608238,2.621340905,-0.703556089,1.531731862,-3.221935397,-5.293744848
1.248072081,7.377607886,2.102757752,2.472901499,-7.351646636,-5.496661095,-0.797970162,0.405189019,-1.094368009,0.035489941,1.679705758,0.159761442,-1.457221456,-5.157034284,1.859859874,1.495215004,1.682492916,-4.747713196,1.482886244,4.928844781
1.310153285,6.682222239,-3.91935016,4.534048505,-2.044074832,-4.15336206,-1.969945329,0.286853436,2.364216283,-0.514272882,5.609523113,-0.099702746,-6.612675039,0.085385129,-2.30921275,-0.001699043,-0.105602157,-2.838428367,6.004864887,1.36266001
-1.699197007,0.563475205,3.280900714,6.159716734,-4.73394379,-5.027162194,4.011613612,-0.572560163,-0.269509039,0.326130266,-3.944409212,-0.301388186,5.546507825,4.979733645,1.307102023,1.920835802,-0.292547546,-3.975206347,2.874607153,-3.017267402
-1.818305588,-2.434255921,3.340053756,2.409525894,-6.064190459,-6.587740208,5.17809187,-0.286692982,-1.590094201,-0.766511718,-2.825927061,1.420025162,2.327125365,4.359874622,0.650452246,1.963940231,0.612884086,-3.345052108,4.222892275,-1.415612818
-0.60255465,-6.49975132,2.594045624,5.347576991,-1.842615224,-4.066204977,1.609606836,0.636312454,-0.413946831,0.109025039,-2.862787609,-0.020458578,-0.049829978,4.306474828,2.719508862,4.569111932,-0.396060151,-0.326530276,0.334078427,-7.401830006
2.059288712,1.44249411,-4.87533074,-0.044424459,-1.080070726,2.252090079,-6.001192625,0.035380457,2.450883467,1.073370539,-1.032585583,1.780480027,-3.247738076,-0.164468126,2.833211945,-1.963954792,0.801304491,-0.278581085,1.492225415,4.59182435
0.3130085,-0.496866365,-5.349170117,1.446058337,-5.973262271,-1.930998478,-5.251805244,-0.486065914,2.874633462,-2.180241161,1.681603779,-1.345347643,-0.346571855,-3.705605689,4.297799278,0.807356582,-0.881720592,-5.921667508,3.900648552,7.745358791
-1.236228161,-5.889923351,4.107648095,-0.610239551,-4.295692932,-2.28699585,1.552206447,0.75415294,-2.016909993,0.746572179,-3.444976537,-0.526865393,4.009278477,6.516431251,1.679174776,3.017366651,0.83779386,-1.567459099,4.723555815,-0.788587314
0.031600911,2.095724837,-4.232373599,3.305100514,-2.61790576,0.292216935,-6.32542756,-0.194128248,3.827392259,0.74286158,2.758693693,1.961109144,-2.934729652,-3.900352623,-2.834120807,-5.130221653,0.820734632,-1.745380517,4.063287817,4.347905476
0.328392779,-6.07615503,4.011609571,0.932369325,-1.620820115,0.620857701,1.453670183,1.016699891,-4.496022236,1.397548649,-4.600284826,-0.736742272,4.036252975,3.850102268,1.393729199,2.287852785,-0.73911592,-2.43509675,2.374351845,-4.545964809
-0.249380412,-5.029167328,-3.540956577,-1.96107986,-0.443262663,5.515089064,-3.365735757,0.095080558,2.061956147,-1.761851694,3.91560815,0.799068704,2.407433985,-0.804425502,-2.515491818,2.504802054,0.649523238,4.567883384,-3.758510192,-2.888070218
0.088660062,0.73147922,-3.74155397,-1.493095939,-2.788262776,0.715499101,-2.412268827,0.058594265,1.457143601,1.021920603,2.087525638,-0.613921654,7.934055585,-3.861260655,-1.702639939,6.601470674,1.03888059,2.204094549,-1.441709209,-0.518002791
0.601233878,4.896270991,-2.115692552,3.699250276,-4.833304368,-4.348154753,-2.536222992,-0.994699366,5.921731407,-0.909866652,7.094790108,-0.171530752,-3.921290929,-2.85375647,5.003846977,-3.613739542,1.234241854,-2.260901756,1.910844111,2.311559262
-0.687618747,-7.108054979,0.920137178,-1.992995432,0.204447983,0.084914025,1.423855026,0.137907804,-6.986239228,2.029048279,-6.937666525,-0.089057802,5.778253675,1.293701347,4.791036128,5.18563706,-0.015131681,-4.546832805,3.956856125,-0.642961285
-0.976012298,-5.655542356,3.44132669,-0.311032035,-2.796340379,-3.649173325,2.776148614,1.173162865,-6.326889273,-1.012002694,-3.158211246,0.392124186,3.259033529,0.323852265,1.13822839,2.040078873,-0.594337111,-3.076624496,2.92945089,-3.213816595
-0.773056312,3.044595041,-3.969475138,0.848418274,-7.569510392,2.258393821,-6.630725777,0.636763674,7.498577406,-1.04836414,-0.63353401,0.480422769,-2.803100971,-4.225580881,0.698506213,-0.975628341,-0.807610442,0.309377838,3.245622021,4.320815562
0.607867291,1.098872932,5.481944565,2.759153266,-4.073934988,-4.337972983,3.366861223,-0.648911609,-6.595919846,0.782524139,-1.798930811,-0.213727918,3.749494067,0.678592226,2.695880628,3.058722709,0.75870092,-3.718422972,3.524187249,-4.388772963
-0.218873053,0.033437503,-2.79293775,3.02302179,-4.397145631,-4.590117167,-2.253630986,-2.350445873,2.566944283,1.080886887,-0.855265162,0.255887738,-2.452606869,-5.238650986,2.441719862,-2.724035312,-0.394475946,-4.869311816,4.500431132,1.828547798
-1.085506656,-4.042823971,1.654803398,4.079787578,-0.716430496,-3.878793595,3.410441324,0.347891508,-1.48862975,-0.402924555,-2.119973336,-0.493625377,3.518042465,-0.367980895,2.442117053,1.339729017,-1.321310743,-2.330137765,1.767124056,-3.478563385
1.442461588,-3.585666453,3.839587813,-0.676911006,-6.903319528,-2.481732027,4.016557925,-1.352184754,-4.7278343,1.20283565,-2.228303376,-0.340065626,1.192453151,7.504277775,2.787880773,4.035049139,-0.443430862,-2.861854369,7.194276425,-0.719402297
1.332730244,3.857569719,-2.212732406,4.329018178,-3.886452959,1.492819169,-3.740411262,-1.587932641,3.996861581,0.157187859,2.017079865,-0.668700304,-1.814156306,-6.235930216,1.917896888,-3.4297443,1.472253897,-1.751017413,1.482703117,3.223762419
-0.358823848,-3.692253634,-4.843735927,-6.400501572,-4.948158982,4.467766516,-2.631662345,-1.859512528,2.067722155,0.020221301,7.4023844,-0.989223445,2.40934492,0.112724784,-4.329728749,5.350543257,1.224493173,4.804868284,-2.160550997,-3.5042852
-0.501899155,-6.599627525,4.480406637,2.18546371,-3.066111556,-5.081780246,0.563700092,-0.001016992,1.787312626,-0.664267177,-0.659035229,0.631136375,2.875901589,4.724709747,0.28262401,2.308455101,-0.501789325,1.91375723,2.26614107,-4.931082189
0.75915965,1.002338255,-6.222331613,-0.156088536,-2.223020023,-5.86246208,-1.878414947,0.433777305,-0.62019441,-0.114034948,1.575332907,0.361495236,-2.343218372,-1.072906158,1.16573332,-0.563802268,0.71503498,-3.306339218,3.956076501,6.383170231
0.183241027,-4.414480882,2.956876613,3.129284,-4.243637992,-2.786292049,2.2529557,1.268901771,-2.398110816,-1.031955235,-4.639513794,-0.395681394,2.592415502,3.734360139,1.542667482,4.048408676,0.054581871,-3.920901912,3.259241942,-4.272580899
0.756691684,2.447867406,0.330327962,1.910120617,-3.044175387,-3.103092998,-2.617733804,-1.103610367,-0.522115851,1.034129558,-0.242643537,1.524653753,1.546866805,-6.349291611,6.639795652,-3.793521318,0.025193815,-3.966973927,2.251783843,6.372042311
-0.267481966,-5.130246742,-3.021112913,-2.051339518,-3.358779497,1.762945308,-0.758079472,0.487820162,4.918879188,0.376163149,2.23538477,-1.384917449,1.924380884,0.034351628,-0.117100445,4.3157058,0.407417117,1.609535795,-1.343505782,-5.469250068
-1.457161157,-1.277555862,-3.715501314,-4.517607707,-3.084615877,2.025272637,-3.444186989,0.996206087,2.760795935,-0.461139371,2.080416336,0.171717361,0.572131379,-7.527224773,-2.904416308,1.634511523,-0.060333176,-0.186340617,-5.172270857,-4.757189235
0.901311663,-1.94553645,0.360544429,3.752014844,-1.812851845,-2.891565098,6.677033545,-0.628367325,-0.010925277,0.157736765,-2.611291401,0.729141038,5.005604983,3.243073227,0.666711029,-0.832193927,0.602668972,-3.468262278,2.001736085,-4.077669403
0.368946572,-5.248358832,-3.744383902,-4.254366308,-4.320127319,0.326612874,-1.554749151,1.075442758,1.511662398,1.374496691,5.071963159,0.31705587,1.827301053,-1.485887382,-2.956519523,2.557747415,-0.485553478,2.648816467,-0.287415685,-4.774909596
1.103809279,-1.263113876,-4.127538907,-2.190416979,-4.671917645,0.856835324,-2.61773913,-0.777618702,3.203516809,-0.684269376,-0.331314158,-2.186652957,2.891364987,-4.739855604,-3.425888714,5.371262359,0.218905984,0.653892489,-1.774786567,-3.945242457
-0.477626124,0.81126763,-2.005246501,-0.142505484,-2.522910213,-5.341645676,-4.458444817,-1.192199223,-1.25721422,1.289916199,2.628329455,-0.399655001,-1.583447151,-2.616805759,5.55104324,-2.457585694,0.190967558,-7.323070666,2.896504507,6.95132849
-1.771661962,-2.931861059,-2.61532473,-1.509346617,-2.672360926,7.278231205,-6.251577612,-0.827131693,4.13709111,1.553523535,3.500702735,-1.861135974,2.38427292,-3.828173426,-6.820872953,5.539105748,1.3766598,2.449334376,-1.127091276,-3.942559194
-0.045699246,5.349985967,-4.864645885,-0.03837472,-0.478180166,1.167576674,-7.961905082,-0.039112919,7.38883834,0.930880565,3.82312066,-0.16634139,-6.116686869,2.582021591,3.894772587,-5.412954667,-0.474229432,-1.069801757,3.600869908,1.954147617
-1.813569611,-2.84986597,-1.855791837,-4.555856465,-5.057715468,5.314066998,-0.033128845,0.529306206,5.248252287,2.383710472,6.803834335,-0.397754003,3.155868625,-0.634770158,-3.342959542,1.045813259,-0.171493492,4.323076677,0.900898035,-2.642957682
0.757532483,-3.044581608,-5.247727788,-2.242665258,-2.800199541,-0.101211117,-1.710655514,1.105747691,2.587206463,0.019292128,1.566567336,0.606977695,3.721280061,-0.442310113,-0.806842433,3.656046425,-0.481818456,-0.461647091,-3.074132491,-3.800492243
-1.432123553,-5.392663817,-4.415112083,-5.270070245,-0.832756635,3.198884051,-7.41025105,0.008625799,1.45062474,1.61244586,3.53651082,-0.507237111,2.838212929,-0.821066297,-4.633670259,5.237587835,-0.230112467,0.69809967,-1.294395351,-5.168083753
0.134231239,-2.815773387,-4.907433183,-4.672818956,-0.211333058,-0.489079839,-5.685760858,-0.103934058,-0.105519088,0.410916289,0.545542938,-0.090825337,2.948365442,-5.11377994,-5.239562935,3.39908193,-0.939145453,0.101762536,-2.252412813,-7.633505341
0.467237067,-0.730300024,-1.397282462,3.587828658,-3.502838008,-2.707904072,2.183658745,0.511692472,-4.315896335,-0.235595625,-0.105589902,-0.11077104,3.2879422,6.949761614,4.605761369,2.210133719,-1.093190631,-0.905291231,2.063124095,1.088260594
-2.013442098,-3.357128447,4.661714271,-0.075952434,-2.738987991,-1.479969969,0.571504883,-0.975666979,-6.185658228,1.067939399,-1.564081068,1.93553222,3.798377209,4.415622544,2.264433626,3.810822425,-0.664682377,-2.428988771,5.272287758,-5.188946245
1.359357027,-4.10077782,-0.231271176,-2.470370765,-7.577195768,0.603527759,0.56268127,-0.300807107,5.765345405,0.256965768,3.93463942,-0.954296284,3.459702756,-0.974315853,-0.58229453,0.243685941,0.958317831,3.412153369,-2.140626352,-0.822086427
0.717871717,-3.380749327,-3.643271831,-5.556943216,-0.119257064,1.818849756,0.432907936,0.732205799,-0.773270253,0.666048547,4.645889116,0.449356488,3.29505196,-0.65362932,-0.666357861,0.990007073,-1.068430295,5.397279891,-4.475076047,-6.145979752
0.401307545,3.654368171,0.374716694,1.95930235,-4.366882818,-3.268752006,-2.405021629,-0.687424232,-0.337397406,0.049975267,0.30668854,-0.944074415,-0.076419801,-7.751123989,3.273259037,-3.03347766,-2.097949741,-7.923771314,0.144531033,5.526081912
0.702520892,-0.757631086,2.762377746,4.555886453,-1.97392098,-4.431291603,3.22690427,0.132097762,-2.153701982,0.241661649,-0.989321593,0.616202341,5.319567433,3.170326036,1.550589583,2.187039262,-0.295573829,-0.619860189,2.999727239,-5.630497834
1.584358271,3.490559171,-3.829483022,-1.703477607,-3.180425248,4.602468039,-5.462712163,0.190405031,3.451046435,-0.113248911,-4.805327169,0.292126496,0.460837701,-4.225399686,6.196949742,-0.464417068,-0.306408654,-3.146490018,1.537378363,5.145522257
0.372510763,-1.948288514,-4.988070992,0.548673506,-2.554239022,0.679068813,-8.076757705,-1.285531996,3.452481557,0.15993003,1.489371877,-0.279017481,-1.479189118,-2.311400065,5.665602281,-3.002363324,0.986102225,-3.660826737,2.870825174,5.830371192
1.134784473,-1.307174517,-4.307652471,-6.395848511,-2.190737422,1.850330349,-1.874403442,0.084746323,-0.531268657,-1.228628399,3.694760367,-0.454390444,3.154733299,-4.635123708,-2.804141871,4.394432688,-0.033164648,4.937187882,-4.690629591,-5.391177986
-0.201296424,3.194951606,-2.040955407,1.517052118,-5.483676003,-1.658130107,-4.130167258,-0.128190117,2.949826957,-0.15086369,1.188964486,0.205853831,-2.46119342,-3.070633967,4.00948147,0.067561124,-0.166099178,-4.234215025,3.225040773,5.188999227
-0.296543054,2.075608951,-0.667292765,2.429724723,-3.483103727,-0.908183864,-3.261103066,-2.266597787,-1.074313354,-0.06118433,-0.506085674,0.204680442,1.08162923,-7.339697702,2.964552152,-3.731271485,-0.378037836,-2.894144864,0.476955972,4.638544717
-0.933545518,-2.617381249,-4.725441716,-2.228565339,-1.38605292,5.534700721,-2.897129225,-0.567293336,1.140576,1.101250448,4.134914413,0.714347763,3.546162942,-2.178949952,-2.268309613,2.977294451,-1.501707037,4.874328344,-5.123852031,-1.641285317
-0.368501643,-4.402493865,5.022013532,4.021021731,-1.904011082,-3.777456198,4.484732899,0.530337668,-2.441779691,-1.079013675,-3.229829517,-0.071327976,2.116120525,2.094241775,2.491226278,3.406564729,-1.360791307,-2.210052024,1.908423187,-8.154294457
0.747418292,-3.834107184,-2.849225251,-0.945005219,-4.369415153,2.433927381,-0.451187007,0.227056392,4.71604825,-0.059189203,4.233634236,0.432585034,1.513803797,-4.319816739,-2.136018772,0.571248836,-0.17586147,3.61345804,-2.481348287,-3.982066119
0.122743081,-0.166416263,-5.257067612,3.821939034,-1.088933816,-1.971560434,-3.144164545,-0.004294233,4.549999802,0.748939096,2.727548748,-1.164135085,-1.235214687,-2.099391329,6.108139686,-6.158148972,-0.279333318,-0.975807885,0.137954364,3.127058842
0.267751302,-4.213736239,-1.987208244,-1.897920927,-2.758530707,0.409147947,-3.631896973,-0.109449926,1.570181717,-0.86133192,2.882778278,0.639651183,1.42829009,-4.938409783,-4.862800728,2.386216521,1.309633415,1.214637371,-3.864354456,-8.147356494
-0.884875694,-0.458804055,-2.721444339,6.026394589,-1.272784186,-5.998552448,-0.567149232,0.363312594,3.05243918,1.058875922,4.49870407,0.385114665,-4.012649173,-6.275689213,3.968316836,-4.584687008,0.839331341,-7.428118399,3.862248883,0.036731383
-1.549083325,-2.634821593,-1.666189445,-2.609453836,-3.165870633,0.554607274,-5.389541653,0.725812063,4.987896699,0.432903537,-0.709130288,0.283212663,2.813988016,-7.654295957,-1.46725197,-1.818893103,-1.173082399,-0.04142224,-5.973487871,-1.1604487
0.611386142,-5.506242101,0.246882815,-0.214479105,-0.618709292,-2.737883955,6.146193902,1.687689412,-5.943478658,-0.51194601,-1.908841658,-1.01086131,0.897637792,-0.466749595,3.245383957,2.213679302,-2.233552161,-2.951934625,2.217278478,-5.154373927
1.948518361,0.725703426,2.038119583,4.142891841,-4.508917348,-3.890691285,5.222526658,1.32861143,-3.399814535,-0.021494517,-5.361767043,-0.665763739,3.991682484,3.048741473,2.751009172,3.706506821,0.303033293,-6.48078746,3.681485653,-2.5101498
-0.503724624,-4.393321182,-0.653605038,4.578033503,-2.532449574,-3.860248076,6.560299789,-0.498911954,-1.387177481,1.421905379,-0.249020801,-0.489451168,-0.244691435,1.848245392,4.276543989,1.673199124,-0.079144657,-2.151024842,1.462268948,-5.112002106
1.516978121,-0.123037556,-2.388512367,-5.212491343,-3.209222784,1.018214751,-2.701067295,-1.084644091,6.162632085,-2.005265885,-0.174377989,1.140971231,3.695024801,-3.100747903,-2.62186451,4.882974128,1.827406406,-1.317689266,-0.679114375,-3.43185972
-1.335292261,-6.283214607,-4.217005641,-1.817948741,-4.597613854,3.090101754,-2.687969971,1.029915201,3.215425639,1.088583742,5.15087759,-0.731607746,0.489163842,-2.064555203,-0.858801441,1.434156374,-0.200431743,1.997538121,-3.970455408,-1.616286664
-1.49020635,2.415510328,-4.255715648,-0.790132482,-3.528109889,0.569492521,-6.735259904,1.827287105,2.192320307,-2.023844524,-0.844691715,-0.236606643,-2.150187591,-2.649620333,0.895118501,0.247953135,-0.540526409,-4.90367703,7.201033399,4.659675761
0.862389676,-4.586408027,5.321057027,3.017392449,-3.395386864,-2.83156034,-0.271820486,-0.219037647,-2.52281404,-0.517678808,-1.38121646,-0.378390351,1.553389634,2.530040449,4.986270774,4.580861261,1.507634728,-0.166550958,3.83779088,-0.825819592
0.15182178,-0.306635075,1.644222132,1.82967809,-2.525839346,-3.698144206,-5.335726407,0.96306331,-4.482774727,-0.175249659,2.540266518,-0.682648959,-0.332506316,-6.027669803,4.134042991,-2.859024672,-0.425918111,-6.610484153,0.983336816,1.118813559
-0.127506391,-3.247572813,-3.455410054,-3.25247369,-2.422285847,2.793239129,-1.286289091,-1.191838917,2.991764101,-2.173607579,4.11311048,-0.611322091,2.642449444,-1.316657215,-2.442990756,3.106358284,-1.648793412,2.30600247,-1.371713591,-4.057440069
0.378374498,-5.191977185,6.098196952,-0.703521586,-4.106825522,-0.907758936,1.054901847,1.280908169,-5.670869521,-0.971919312,-2.347804962,-0.180272207,3.488136834,3.763416212,2.247566305,3.017627575,-0.9234653,-2.183025017,6.379214669,-1.635982433
0.664618501,6.903446971,-3.107980087,4.531901259,-6.107459831,-0.384565318,-3.371208055,0.394692382,4.700311127,0.158272608,3.982862525,-0.303445694,-5.084126725,-1.692354913,-1.001162872,2.01959669,1.68255014,-3.345840782,2.071459992,-0.552141267
-1.143566468,-1.216905908,-2.058995373,-3.233616181,-4.439761581,2.18246882,-0.217691317,-0.651457432,4.273723825,0.548821316,2.525276839,0.169887858,1.810766229,-4.140721088,-2.261393842,1.929436516,-0.703777511,0.727635462,-2.403718209,-4.230684626
-0.69601165,-5.050805394,-2.9265254,0.521459403,-1.602708175,2.910614582,-3.660908699,1.006404294,3.179223877,-2.109792454,3.511374809,1.235427078,6.163528903,0.907081934,-1.9945636,3.092768142,-1.486839186,4.236606925,-2.684841616,-1.027088684
-1.368129737,-0.565196488,-3.953187099,-3.858737427,-3.956457755,1.956785852,-3.05530394,0.401732319,3.531840875,2.189124825,2.771119655,0.904568292,4.45820272,-4.543656143,-1.284519637,3.511440951,-0.135812208,1.212252053,-4.279050601,-0.276765479
0.28265525,2.436703032,-3.212054397,-0.606640879,-0.606174402,-1.416402608,-4.989101284,0.969857943,3.429753956,0.493134485,0.436834663,0.288511935,-5.124961536,-0.271234626,4.005055766,-4.708565667,-0.639390248,-2.749913286,0.885528079,0.167447525
-0.2940708,-1.653625858,-4.363553651,-4.330878117,-6.108488029,0.738758413,-1.338012494,0.576672622,3.65690222,-0.588638217,3.77671716,1.562137309,5.738025247,-2.853573022,-1.92037312,2.168887609,-1.207196148,3.516751359,-1.117783774,-1.218773737
-1.164837632,-3.128444611,-2.457177245,-2.539528968,-1.155494162,2.35381881,-5.743046684,0.061033693,1.272843043,-1.060420429,-0.138630647,0.049329973,4.970829392,-2.790163354,-2.19212909,2.568142555,-0.246518941,1.394191272,-4.138549985,-0.589241103
0.658096094,-5.773833061,0.97809865,0.430042497,-2.633778512,-1.949515559,4.426143938,-1.6069457,-2.967537494,0.649371919,-5.074056854,-0.32129573,2.899722592,4.647215216,5.862008293,4.450724593,-0.418326635,-3.893212247,4.327289359,0.844558314
-1.385711691,6.328775512,0.163286228,0.399094534,-5.024978641,-7.136906884,-1.325242002,-0.511368385,-0.542009757,-0.091461183,4.183516237,1.21476027,-4.937450869,-2.910143567,1.903802717,1.655177551,-0.016329398,-6.737397427,3.27227051,0.563485507
0.640080424,-2.059833095,-4.460828383,-3.496327219,-1.779444539,5.630649506,-2.055246212,0.370922887,-0.305942913,0.033041729,7.764717594,-0.902391678,5.354774924,-1.023557001,-4.398253572,4.075176515,0.146862857,7.657137256,-3.431121992,-2.971221351
1.086887399,-6.601749317,3.66306569,1.339207687,-5.330163259,-3.016387669,2.07099404,-0.953477296,1.619950398,0.159341018,0.728207398,0.002522744,2.954348894,3.946858781,1.534387318,1.131433033,0.048613012,1.578974111,4.631975681,-1.627862391
0.000243119,-1.593569847,-3.120877692,-6.045643943,-1.603520985,2.647013314,-0.607724828,-0.19740584,1.797502274,0.950187541,4.927256972,0.540078152,6.698822635,0.855804658,2.460317537,3.113987048,-0.907295529,3.859315446,-5.033634506,-0.847575301
-0.420282646,-4.870933145,-2.359531228,-5.220106866,-0.298757808,1.434075616,-2.989440047,0.107450595,-2.674398575,1.58948585,3.334792119,0.482198236,3.197317755,0.630084553,0.285311293,4.444077834,0.879014177,4.071282664,-7.589764758,-2.123787464
0.033604158,1.721149479,2.369840248,9.189479193,-4.459596318,-4.618431565,2.392662198,0.455817293,-1.755707659,-0.732619477,-2.347455703,0.729074545,2.009955383,2.213815356,4.036080957,1.809469793,1.08288638,-4.244378425,-1.247348994,-2.023058135
0.78053771,-2.812031474,2.517157563,4.130033714,-2.30643409,-2.072609312,4.384687026,-0.343800788,-5.201087594,0.45160517,-3.136732127,-0.307505368,0.346902726,1.286867072,3.869243489,2.535326748,1.335160619,-4.652304908,0.475669088,-4.467855696
-0.349747897,3.15680792,-1.977103681,0.390368968,-3.735264382,-6.194323884,-3.219429631,2.081821186,2.58089145,-0.253281351,3.405867078,0.070051603,-6.592918915,0.771663167,3.349585599,-1.471671185,0.514564291,-4.194454963,1.846331265,-0.899504399
-1.280769123,-3.710698201,4.448272465,1.982937963,-3.625695656,-5.763015017,3.736747876,0.018150281,-1.007846017,-1.091237315,-2.526506957,0.13982188,1.571084564,1.960008701,2.509509075,1.580114254,-0.944021557,-3.022360615,2.398135513,0.528329698
0.649568423,0.204866839,-0.91110948,4.999079364,-4.967041134,-4.131600028,-2.138680172,0.579522908,1.981426083,-0.648264487,0.807014681,-0.231785307,2.193686181,-7.06335893,5.152127337,-3.432081949,0.49831924,-1.671083118,2.081133922,1.067643883
-0.844847863,-0.673171221,5.082807315,5.435568621,-6.609034942,-1.801186327,3.610902081,0.171717041,-2.192064891,-0.150927154,-0.302605836,0.06629309,-1.286789784,3.567537005,6.327536807,3.643842097,-0.433199814,-2.617109326,4.224912921,-0.448500664
-1.928080584,2.081829567,-3.144784824,2.390383736,-5.561134136,-2.644125684,-2.850351783,-0.556361832,0.366894607,0.843335665,1.671824046,-1.083059919,-0.604916938,-4.971511169,0.943186603,-0.705595704,0.443950532,-4.147151959,0.988014032,5.607042546
-0.117460777,0.841272841,-4.134606616,1.115961559,-3.25439073,-3.196027345,-4.860702325,0.928581954,3.220609567,0.11366634,2.069131455,-0.345940006,-2.680527114,-1.357412631,2.266144091,-4.053276613,-0.789936425,-0.510887509,2.788628568,5.648064171
-1.799554668,-3.961433406,0.689861205,1.315855346,-1.550733843,-3.591746986,2.592240567,-0.720748382,-1.876825897,1.338028684,1.118583302,0.625931727,5.420960152,2.938832752,1.551194103,0.906984644,0.741954949,0.446031691,4.594052479,-3.326205493
0.551366327,-0.906357065,5.889786618,4.179454417,-2.614788563,-2.344190605,1.482060118,-1.235279076,-2.147210414,-0.175625551,-5.207472581,0.210901764,4.704015043,3.141247879,5.614397262,6.23163343,-0.409499577,-5.261018934,5.365866712,-3.328370478
-0.441391053,3.109862063,-1.071815805,2.599618753,-1.775985964,-2.911770725,-3.0040066,-0.817977772,0.970767755,0.538750492,2.974641136,-0.637101802,-3.189344008,-2.893749965,3.800099627,-4.549183197,-0.614640376,-0.992388567,2.305068112,2.039186177
0.082932018,6.265568064,-3.48235606,2.383788311,-3.355765622,-3.198902467,-2.121647798,-2.245866619,3.52128122,0.445083536,5.783761324,0.256854903,-5.525112619,-1.452573395,2.432113323,-1.437931181,1.185014325,-4.118785216,-0.346472936,1.031789758
0.671871771,-5.672877662,8.163986085,0.896768302,-1.604324947,-0.086746995,2.701396658,-0.7334662,-6.43252363,-0.209024808,-5.835443676,0.505303337,3.4141421,-3.657970191,4.74220864,4.136683202,1.322313836,-6.538960434,2.23895316,-6.219837155
0.265808697,-2.955090173,-0.488333912,5.143464132,-0.994036774,-4.900559504,4.003467913,1.880063648,-0.087224521,0.417618025,-3.627245382,1.225975948,3.191817731,0.341275528,2.166458783,2.838537661,-1.021572247,-3.234677605,1.463935003,-4.890585101
1.776236102,1.884133098,-1.827202691,-0.523667565,-4.08039482,-2.069105915,-4.897327867,0.864092007,1.277399729,-0.405347042,0.365264096,1.648318515,-1.901227873,-5.304593249,3.063657481,-1.830774726,0.134221053,-4.851007554,4.03649972,1.249244217
2.261190791,-1.162187154,3.599469257,8.106183113,-2.881402322,-2.147406413,3.789487305,-0.890509743,1.638027942,-1.139029735,0.655319551,-1.939693311,2.452814594,5.153667996,1.51113434,-2.136927821,-1.50094133,-0.83282562,0.807614209,-3.468386945
-0.797989217,7.103275662,-3.984965678,7.181924189,-1.36657499,-4.562865399,1.641073237,0.398342705,6.228177237,1.391967737,5.470623058,1.690626023,-4.241131693,-2.833251458,1.808249447,-5.441910821,-0.035602122,-1.910550763,3.243068707,-0.799174013
1.038558008,1.595926267,0.861977531,4.146157996,-2.691913068,-2.586193819,-3.811496698,0.701608246,0.13061109,0.946657594,0.24301617,-1.130495623,-1.638385845,-1.417199899,6.095141532,-3.048534419,0.919395209,-2.504590932,0.422585229,1.542797683
0.058878016,4.336712847,-1.103102134,0.098322756,-2.237448864,2.111845083,-6.313797817,-0.172447987,2.186294019,-0.298769643,-0.370344083,-0.670187251,-0.356588945,-4.05496259,4.237642674,-4.047899338,-0.543061022,-2.462364593,2.709480152,5.119902848
0.1534195,3.703700888,2.411825122,3.125022626,-1.854555696,-0.596310341,-4.112172686,0.683448051,0.503791573,-0.377562854,-0.685305926,1.70006823,-2.509147481,-1.715828698,6.469280314,-3.390695294,0.222666748,-2.001564899,0.77202061,0.897941642
0.833036714,4.211604306,-1.642916549,0.995195553,-4.571400151,-3.008036857,-1.64710871,0.504181947,0.442598245,1.904492185,2.545245853,0.517870747,-2.852327336,-3.455762539,3.368284108,-0.01489509,0.015022234,-4.260207713,-1.598778129,3.624829911
-0.407192644,-4.660540325,-2.246035934,-3.658315878,-4.494659822,3.090890661,-1.07844636,0.434870654,2.872703226,1.523682561,2.982874668,1.503490792,-0.475286856,-2.812058144,-2.968531901,5.439550082,-0.397707081,4.925341638,-3.898457947,-6.159438613
0.739655905,1.615149916,-3.929171686,1.702365864,-1.752092383,-4.883377543,-3.071878042,0.704803107,2.432635296,0.18607399,5.190837048,0.207464276,-5.524450542,-2.551813333,2.338111288,-3.462904186,0.173660307,-5.204225575,4.096943566,2.536539697
-0.861920153,-1.172444298,-6.398464886,-0.688418842,-5.931961384,0.689959531,-2.471055442,-0.22294716,7.196506363,0.69375886,3.200744637,1.25045504,4.370773042,-2.318746967,-3.673395201,4.899950438,-0.153691034,-1.209263218,0.284241051,-2.023537958
0.140082926,-4.735929281,-1.118931219,3.886580598,-2.217042315,-2.045370913,5.063626874,-1.374810402,-1.660725067,0.426029662,-0.050184939,0.342767657,-2.433653006,2.475870224,4.572219228,0.703711331,-0.371233468,-0.609209926,-0.648460065,-0.802690831
1.385380174,-2.655573114,1.445106735,2.962093488,0.042413579,-1.796879184,3.760018218,-0.512692721,-1.917757644,-0.41469784,-4.270730696,-1.028612664,4.278536175,2.00323018,3.661770968,3.170895465,0.035718001,-3.568214933,2.889644096,-3.527261468
0.148034083,-3.426732452,6.516691934,2.985620264,-6.353059593,0.452465191,3.964713283,1.108780771,-3.691117819,-0.719079148,-1.667531189,0.330886178,-1.456201871,3.737707504,4.827405444,1.337792362,0.036586415,-4.62851594,2.59970417,-0.627101508
-1.798501394,-0.812400815,-5.266961694,-0.325123709,-0.725688451,-0.414060057,-1.912260255,-0.052180771,5.474418523,0.564629832,-0.905029561,0.424873986,5.952011628,-0.246130408,0.782462406,4.266182767,-0.073352618,-3.245806239,-2.126143645,-1.836334372
0.444435748,1.243265304,-5.847013131,5.112508175,-2.610416556,-7.447401431,-1.589645207,-0.410379882,6.377090799,1.296536513,6.847063334,0.284294028,-4.1637903,-0.371521097,3.728662604,-6.720575983,0.790888453,-2.656624919,1.759551079,3.239838151
-0.045889803,-2.135694492,-3.025852062,-6.192083011,-6.250860376,0.923147589,-1.510684362,1.736742351,3.80756289,1.894351321,3.535824124,1.191813383,3.054998315,-3.910964295,-4.853085814,2.411762235,1.224746073,2.933729345,0.702213057,-5.865393706
-1.152599067,-0.353943048,-2.466894652,8.641688776,0.174073077,-2.473892452,6.612052879,0.172158972,1.463478623,0.351174551,-2.863048926,-0.703232138,1.787308175,4.237073721,5.030882826,2.190150453,-0.473556379,-3.856702249,1.499140775,-4.113772237
-0.454628734,-3.703474169,-5.480265004,-3.275907072,-5.875702238,1.476006252,0.948334841,0.570719306,3.063943418,0.600085884,6.353702334,-1.371686766,-0.463788892,-3.965999886,1.013147744,-0.579384072,-0.536903046,0.398728484,-5.828041145,-3.569745121
-0.178077426,1.739674087,-3.126774394,4.764170505,-1.565255301,-2.520810017,-2.046404431,-1.103015729,1.818985236,0.731063205,0.807588832,-0.374780462,-1.406493825,-4.474686619,2.838484331,-4.016799226,-1.654607588,-3.207062335,3.725581714,3.275969024
1.310408016,-4.639213096,-1.708108959,-3.741607548,-4.808190889,1.162206406,-5.142599048,0.566922756,1.592312736,-1.09323795,2.060157368,0.121719403,0.583722144,-5.911054821,-4.978004085,2.208200949,-1.424165998,3.506493335,-5.370043212,-3.186867079
-0.253091452,1.057265703,-4.402833129,0.53392551,-3.581226563,-5.39691922,-3.750026354,0.857017297,-0.633542419,0.717886862,3.525140803,-1.661234162,-1.021595106,-2.864577331,1.673669837,-2.465227478,-1.815749818,-3.909074725,3.257793009,7.75696643
0.099862287,-2.360190178,4.059255137,-1.308737166,-2.806147258,0.030847106,4.914724916,-0.523352766,-5.181387427,-0.139845444,-1.891810664,0.853275379,5.90857793,6.243030116,3.036045566,3.03685717,1.499990215,-3.422907735,9.284824139,-3.295293646
1.430767122,-0.604908805,1.094190684,6.455937332,-4.421122929,-4.57880987,6.478084041,-0.903743665,-0.338420493,-1.80414544,-1.394726235,-1.392300848,0.146299776,4.82951643,5.570660677,4.747167663,0.226460658,-2.536117227,5.442213129,-2.641995375
-0.253574111,2.882678874,-5.352013902,4.657182353,-2.202329448,-0.166468173,-1.716660126,1.474569822,6.809674518,1.112216838,-0.189227838,-0.768654618,-3.699461583,-2.538545521,2.97047972,-1.783871795,0.829236055,-0.194271727,4.377133023,-0.270223451
0.705031001,-1.906135765,1.985759649,5.505921589,-3.614149001,-1.702676954,2.703461471,0.889172392,-1.865940225,-0.074426552,-2.442337384,-0.606509231,3.238421986,4.9457713,2.013626817,2.093544654,1.013719503,-2.972683763,2.744153463,-4.599186942
0.115607733,-6.535893685,-2.925797296,-4.112810161,-3.999361568,3.966901559,-5.149056211,1.613425068,2.035952054,0.804573877,4.819577832,0.954749707,0.637686742,-0.574552217,-3.435128894,4.418344377,0.238988271,2.532735264,-3.445939385,-2.449908427
-0.513467237,-6.622918563,7.503196596,2.252073201,-6.454067581,-0.774876903,2.782205743,1.082413859,-1.968044992,-1.250681232,-2.60855874,1.442544735,1.326010245,5.05955115,2.03416883,3.391787074,0.515877478,-1.547102384,5.851570108,-5.358814374
0.16346685,-4.142131648,-4.273564277,-2.520120926,-1.713751259,1.353492312,-2.818730847,0.429460118,2.373801556,0.997732646,2.107751407,-0.399694211,3.063729488,-0.79598916,0.620951671,3.749390779,-0.512135483,0.017839866,-4.064329556,-2.55705461
-0.814210062,-1.167636017,-6.906331817,2.06728613,-4.409525446,-0.241455621,-4.89635805,-1.23952499,5.822730463,-0.73843896,1.702454654,0.127758372,-0.34093098,-3.050227766,5.064117085,-2.70558917,0.48699609,0.296146732,4.622821621,5.261096225
-1.398790056,-4.276274692,-0.738466433,-2.018503176,-4.810936266,0.947271606,-4.400613843,1.124172902,3.213957447,0.469103387,3.543523509,0.424220375,5.90300436,0.81769893,-0.601811745,6.60390307,0.483049462,1.084703858,-2.412761584,1.439034863
0.274543913,-3.300265477,-1.663638149,-4.09728683,-2.709864799,0.007565948,-3.794613454,0.732485091,2.186002466,0.249783731,0.236359164,0.190182472,3.068589491,-2.160423018,-0.562030828,3.352821755,1.302850637,1.533230306,-7.229017802,-0.771176468
1.943421855,-4.725956938,-0.302036174,-2.478221343,-1.840434929,3.788905334,-0.761339779,1.673560087,3.318747743,0.355348585,2.345439945,0.396783713,1.651315265,-0.144303768,0.01571001,2.97941151,-0.648903268,3.708655179,-5.343824885,-3.760247413
-0.15075226,3.922133094,-2.847693264,7.028263089,-1.733608044,-3.705705193,-1.545147044,-1.49749568,4.92597971,-0.119174035,7.073956637,-1.963594671,-3.68247912,-3.683879179,3.031245767,-5.994426019,0.328467433,-2.572521777,3.049063193,4.783988465
-0.917215587,-1.51992708,-3.416516414,-5.845288777,-3.745529852,0.888220175,-0.889454512,-0.628661833,-0.52617472,-1.639019931,2.837706496,1.041454867,1.90546083,-6.088189321,-5.206988807,3.717662035,-0.71764349,6.899319653,-3.35729629,-6.57214578
-1.48773824,-5.950351409,2.910614751,1.310571454,-2.076140184,0.333988535,-0.114571587,-1.328063588,-3.039622966,-1.020828244,-4.205251724,-0.673407757,3.42994177,1.540136171,4.790011546,3.098400447,0.871343083,-4.469726133,2.429271761,-0.109918297
-0.683857735,-1.280674635,1.764928232,1.905555039,-0.800740713,1.440064014,2.372086237,-0.323359174,-5.009453612,0.782985408,-3.263074597,1.063332827,5.486105068,5.584648348,3.461875062,0.713138646,-1.028319323,-4.622813288,3.103791539,-1.102755645
-0.089080344,-1.467344873,3.654038521,2.452778016,-2.248672846,-0.990460033,6.203952323,-0.978305148,-1.832263115,0.028675883,-3.369765669,1.469082355,4.654764705,1.19814386,2.889997731,1.46829562,1.035266632,-5.311594225,5.431022086,-3.300494697
0.794041869,-0.12931588,-4.061489215,-3.680781568,-3.349042301,2.295716921,0.056174431,1.580195982,1.796769276,1.080665561,4.711569223,-0.215584735,3.884654386,-6.622125794,-2.028401489,-1.671721639,-0.323086411,6.419432769,-6.489278311,-1.855163776
1.235155087,-3.423332115,2.523559155,3.542210607,-4.327754234,-1.924927403,2.152638501,-0.577449319,-1.870822416,0.23474293,-0.58732405,-0.235040193,4.329458221,4.662684505,-0.324189708,2.971305781,-0.477520792,0.775868644,5.45811587,-8.181293014
0.4397464,-3.279310034,3.778396119,1.983481585,-0.642321432,-3.114232274,2.9681017,-0.051397286,-3.112101553,-0.454356271,-1.396192557,-0.643725051,5.615462687,1.65740794,0.506985463,0.163178536,1.457951045,-1.942393388,2.924496507,-5.624710798
0.220989914,3.000786685,-3.807578686,3.699353247,-2.330943064,-0.43935258,-4.547213693,-0.302691303,3.729056844,-0.074400056,5.21118755,1.933142622,0.42231315,-3.214454163,5.472562517,-4.116462123,0.050015673,-1.098140137,1.047699451,3.318762203
0.767044139,-2.67698984,3.373634648,7.506226155,-6.503854752,-5.545524458,0.997854684,-1.050224562,-0.527971852,0.043044974,-2.013547837,-0.942870776,-2.05400907,4.128225056,4.587725493,3.062011999,-0.231771164,-1.088964836,-3.006109257,0.491460127
0.938505596,0.666407851,-3.925394088,6.333155951,-2.561973285,-4.164003538,-2.378391342,1.732651156,4.964307315,-0.317511164,4.030951153,-0.836142543,-3.051922183,-2.852435068,2.732257168,-6.268810116,-0.33618525,-0.203671805,4.11798149,4.146104658
1.039139867,6.038920441,-4.837190159,4.233341757,-3.085918587,-3.255644457,-0.479638037,1.329863119,2.761672336,-1.082656072,4.284070416,0.748074662,-4.99651452,0.067605354,-0.046872916,0.478027715,0.550085283,-0.772179327,1.283675103,4.123640897
-2.018661538,1.047155291,4.913319524,4.965610864,-2.14588184,-4.967227229,3.328012985,-0.688971141,-3.950146059,-1.64667532,-3.809065272,0.916561249,4.609976747,2.017211168,3.532704538,4.426771996,0.96090469,-4.803707573,4.197001421,-4.476506419
-2.251474078,3.240930757,-2.569660158,0.582408747,-2.676849301,-0.329309605,-6.438887789,0.394217149,2.007114923,0.115815907,2.184122259,0.586746751,-2.997825011,-1.836720965,0.989421337,-3.899129746,-0.567078601,-0.849373447,0.334767496,6.192471492
-0.618109919,-3.33409837,-4.361542471,-4.153660009,-1.095823636,2.517395669,-3.697240464,-1.21001634,2.257772015,-1.374379311,-0.433942386,-0.887892734,1.898242983,-2.392193398,-3.210258894,8.511437553,0.831660163,2.602532292,-1.027575554,-6.292737598
-0.083919039,-4.36628106,-2.527838457,-4.017795313,-4.015063389,1.896477285,-1.072182167,0.261578995,0.815177186,-0.135300864,4.694345152,0.785329218,0.862015872,-1.895781009,0.197277728,2.881613578,-0.863818019,2.284843046,-6.058121047,-2.428528479
0.141042548,-3.280207109,-4.907401519,-3.386241022,0.213377802,3.044792808,-3.775345151,1.682032923,1.717869744,1.83822997,3.394037723,-0.602702403,3.043923252,-2.229226934,-1.636500691,1.433167179,-0.41091811,1.857612327,-6.11998105,-4.081442905
-0.298780546,7.026795553,-3.891810092,1.409557864,-5.121887795,-1.646200948,-1.639989866,-1.291889744,5.667161506,-0.628968845,1.15911217,-1.052385997,-2.03507908,-3.49039924,3.223204362,-1.099650686,0.319981399,-4.22471407,1.39485791,6.646576726
-0.436651912,-0.92500104,4.0749388,7.057919056,-2.869683761,-4.434482741,5.862592758,0.950198567,-1.51210692,1.820852655,-4.416847088,-0.393261484,3.237651217,2.494064203,2.34168668,3.502891923,-0.14699678,-4.701577852,2.473807611,-8.73617407
-0.987475101,-1.451856986,2.084552058,7.218097768,-2.683296011,-5.439521613,5.699321961,-0.119191541,0.576844742,0.33134099,-1.769260872,0.6250965,2.571532677,3.848551501,2.787859863,4.068053111,-0.795328166,-2.318941591,6.024119083,-6.843370923
-0.877593018,-2.706399155,-4.934982679,-4.817435364,-3.981758467,1.493252816,-1.583782452,-1.976974252,1.367508476,1.493748592,5.303322913,-0.710630296,4.69528342,-0.246930627,-0.291355474,4.505893592,0.102360009,3.870849782,-3.997464082,0.358184781
-1.364030119,-2.762811246,2.647717322,4.50242344,-3.28456341,-4.597157677,4.924581989,0.992804039,0.964135695,0.811589764,-2.900043184,0.609109427,2.802354304,5.191998635,1.725889337,1.826248164,-0.516415656,-2.403164062,2.296904395,-3.505569111
-1.139291062,-2.471969847,-0.788772675,4.448095064,-0.076003854,-2.212616735,5.285163125,1.510411965,-1.845824738,-0.794295998,-6.611693346,-0.927205674,4.367827829,1.425931841,3.236679818,2.948545147,0.237864495,-5.967609233,1.642584475,-3.710690925
-0.381750457,3.038153654,-2.806206596,-1.215195422,-4.480562122,-0.368315753,-5.908078744,-0.264692051,2.444822379,0.444206594,2.977950303,-0.011766598,-1.941834879,-3.104594249,3.279684661,-3.798252727,-0.416526853,-0.649956104,0.399453506,2.814921999
0.668123102,0.665686339,-3.561528561,2.609190561,-0.851453274,-4.524697175,-4.446113068,-0.427580295,-1.005600257,-1.319556195,5.481087188,0.39567583,-0.49187541,-1.414196295,8.338400616,-2.620865683,0.61709552,-6.748561185,2.709081363,6.51743749
-1.608774003,-3.593526263,-1.604698195,2.124320292,-1.65790602,5.583271606,-2.327723109,-1.620960373,2.589260178,-1.693644021,2.474490367,-0.127406084,2.843792942,-3.985352367,-1.404068643,4.218003666,-1.446720498,3.38964693,-3.002294333,-3.101198966
0.946103736,0.523228564,4.369692379,6.108692143,-3.437434679,-5.135673951,3.095295943,1.540525662,-0.698639214,-2.17175452,-3.199738851,0.479857264,3.439237932,2.47259188,3.01602841,2.81809938,-0.68001212,-3.739925302,2.394064301,-2.951382472
-0.25166606,0.728111377,-3.038963641,0.675716556,-3.808787631,-5.781603604,-2.985543359,-0.002013234,3.26049415,0.584222741,3.526963768,0.180445255,-4.238800175,-3.039261233,4.899210046,-3.452447266,0.583621149,-4.018110225,4.271088111,2.004279211
0.751495387,-4.130303107,-3.230141456,-2.562044899,-1.844959842,4.588226731,-2.377075186,0.832438194,1.096811436,-0.521003368,5.2552059,-0.405494061,1.972586658,-3.218650772,-4.525446843,2.262423337,-0.200001863,5.295596511,-3.325854847,-7.225951716
-0.566756289,3.285054288,-2.720991872,5.099859224,-3.181617724,-6.762086588,1.466932744,0.583660793,-1.158746551,1.507847895,0.901033049,-1.466617174,-1.53778645,-5.078331632,1.086542493,0.841856245,1.037320321,-6.900305336,7.395615143,3.25081787
1.21046174,-2.760364234,1.087877109,5.656800449,0.082779778,-5.685598306,3.508965289,0.950918125,-1.994392276,0.052657996,-7.2582498,2.010972169,5.001071445,0.52183214,2.322118144,5.814928015,-0.202173728,-4.643007629,2.7896671,-6.298676456
-0.941687229,3.627008545,-5.883291626,-3.692019502,-2.131770093,-0.813898887,-5.80956967,2.481317573,4.635575571,0.443227547,0.573598886,-2.075589137,-5.645296301,1.286150624,3.274528421,-3.764680161,0.339269936,-1.643608319,2.091034692,2.396021573
0.611719716,-1.261872352,-0.086199906,6.67207843,-5.393927066,-1.936543069,5.409533206,-0.578632732,-3.525913176,1.080575142,-0.815930948,-0.536211189,-3.212353132,1.829657326,6.888057509,3.273786898,-1.104536985,-4.051701268,1.153086634,-2.191687066
-0.932150949,1.87006051,-2.740179919,1.753164705,-2.757640817,-4.21317599,-4.088163244,0.710283679,1.717179739,-0.716803376,1.08318382,2.076393545,-3.90493703,-3.580213657,0.090549105,-3.526167633,0.880929456,-6.204018396,5.623720538,5.813917819
-0.213561778,1.335649109,-5.363409673,4.695689797,-3.510140753,-9.127899596,0.036417151,1.047641731,3.729969311,0.975224518,6.170635595,0.839285031,-3.236014888,-2.400527478,3.220616948,-2.836859312,-0.334367126,-4.261273671,5.90605661,2.622278261
-0.927416645,3.054721452,-0.990768715,3.781695012,-3.795306902,1.765204177,-5.071892673,-1.900441774,1.621037307,0.3614455,-0.788174239,1.075658154,-1.794982905,-3.315092749,2.23414517,-0.591176073,1.138280352,-2.972197641,1.139487673,3.950463395
0.300360742,5.101009233,-2.433889011,6.306676508,-4.073895774,-3.839750149,-0.72273695,1.878609934,5.521167051,-1.923414513,3.322485423,-1.529010089,-3.84216815,-4.36498322,0.861966721,-5.105065184,-0.291093644,-0.234686115,3.580652952,2.078305978
0.460084201,0.345782115,0.463295611,-2.461997385,-1.297663395,3.890714492,-4.22382538,-1.377436361,3.933687024,0.197335781,-1.94038159,0.130233027,2.930204111,-7.057573667,-4.304955118,4.585916117,0.468644656,1.897228252,-4.923252301,-4.359983418
0.717715082,-0.793671682,-6.252176619,-0.175185096,-4.076455779,-1.442340543,-6.971799604,-0.98205136,6.225451646,-1.003341141,3.295053394,-0.001278322,-2.509722433,-3.027742683,3.195806626,-3.713837196,1.116365875,-3.659068198,3.735707487,3.882278371
0.018890513,5.954289083,-3.497243164,1.556507569,-5.272928148,-3.935681337,-1.676256001,0.169504589,6.699610227,0.561105547,4.541212364,0.06695664,-6.264296462,-3.088229976,4.221749648,-0.523511409,1.340986012,-8.408340743,1.950414213,1.531010793
1.54583048,0.076263828,3.701141811,5.187217686,-4.468301221,-1.759775394,5.274986698,0.507693812,-3.729741329,-0.377747502,-1.778325013,0.835362369,0.332311422,2.114670754,5.978651341,2.345153348,0.248667663,-5.223274498,3.834102501,-0.723196109
0.439310433,2.253990531,-7.093567786,4.926211041,-2.581130061,-1.817698479,-1.444283687,0.87766188,7.485353712,0.329395439,1.55686531,0.389278271,-3.02770175,-4.137179065,0.894040263,-3.527073606,-0.317934786,-3.060513971,5.37970382,2.273127352
-1.124673705,2.119063271,-4.672357924,3.539519953,-1.457821383,-2.476158701,-3.482935658,-0.191705614,4.783206626,0.791297107,3.978625875,-0.80921384,-2.918940617,-1.458869918,3.904647283,-4.817790047,-1.02133766,-1.414607871,3.132307222,3.568074252
0.806896273,4.092391025,-1.514201899,5.758241514,-4.905014234,0.657331628,-2.981522576,0.325040432,4.821414703,1.53717179,2.459924362,0.580534133,-2.32772472,-4.259581861,2.707778936,-2.840075964,-1.190365204,1.384057971,0.751702442,4.455419544
0.886442866,7.354426599,-0.325508723,6.592872282,-4.35212276,-6.64279692,0.121289592,-0.264924378,3.780102807,1.26668057,8.087330512,-1.028347325,-6.980993389,-2.973051445,0.138646988,-1.796226695,-0.47217668,-2.541738175,4.645161676,-2.81436354
